date,close
2010-12-01,0.3249450623989105
2010-12-02,0.32883256673812866
2010-12-03,0.3382081389427185
2010-12-06,0.33180516958236694
2010-12-07,0.342553049325943
2010-12-08,0.34552568197250366
2010-12-09,0.339808851480484
2010-12-10,0.34186702966690063
2010-12-13,0.3331772983074188
2010-12-14,0.3336346447467804
2010-12-15,0.3263171315193176
2010-12-16,0.32677438855171204
2010-12-17,0.32860395312309265
2010-12-20,0.327231764793396
2010-12-21,0.34003743529319763
2010-12-22,0.343696266412735
2010-12-23,0.3411808907985687
2010-12-27,0.3430102467536926
2010-12-28,0.34163808822631836
2010-12-29,0.34163808822631836
2010-12-30,0.34278157353401184
2010-12-31,0.35215720534324646
2011-01-03,0.36176154017448425
2011-01-04,0.3606181740760803
2011-01-05,0.38828760385513306
2011-01-06,0.44202589988708496
2011-01-07,0.4543742537498474
2011-01-10,0.4717535078525543
2011-01-11,0.464435875415802
2011-01-12,0.5339527130126953
2011-01-13,0.5348672866821289
2011-01-14,0.5394409894943237
2011-01-18,0.5268638134002686
2011-01-19,0.5124574303627014
2011-01-20,0.5129145383834839
2011-01-21,0.5081124901771545
2011-01-24,0.5655096173286438
2011-01-25,0.5481303930282593
2011-01-26,0.5611648559570312
2011-01-27,0.5595641136169434
2011-01-28,0.5433282256126404
2011-01-31,0.5469869375228882
2011-02-01,0.5595641136169434
2011-02-02,0.5849469900131226
2011-02-03,0.5739704966545105
2011-02-04,0.5870048403739929
2011-02-07,0.5625370144844055
2011-02-08,0.5458438992500305
2011-02-09,0.532580554485321
2011-02-10,0.5218328833580017
2011-02-11,0.5366966724395752
2011-02-14,0.5284644961357117
2011-02-15,0.5156587362289429
2011-02-16,0.5346387028694153
2011-02-17,0.5872337818145752
2011-02-18,0.5860905051231384
2011-02-22,0.5307514667510986
2011-02-23,0.5055970549583435
2011-02-24,0.5179454684257507
2011-02-25,0.5286930799484253
2011-02-28,0.518174409866333
2011-03-01,0.49507805705070496
2011-03-02,0.47449755668640137
2011-03-03,0.4772416353225708
2011-03-04,0.47472622990608215
2011-03-07,0.4680945873260498
2011-03-08,0.4470568001270294
2011-03-09,0.43768110871315
2011-03-10,0.40978291630744934
2011-03-11,0.41275569796562195
2011-03-14,0.41618573665618896
2011-03-15,0.4038374423980713
2011-03-16,0.40086469054222107
2011-03-17,0.4084109365940094
2011-03-18,0.40292254090309143
2011-03-21,0.40612417459487915
2011-03-22,0.39903533458709717
2011-03-23,0.4072674512863159
2011-03-24,0.4397391974925995
2011-03-25,0.42601871490478516
2011-03-28,0.44179731607437134
2011-03-29,0.4383670687675476
2011-03-30,0.42190268635749817
2011-03-31,0.4221312999725342
2011-04-01,0.41618573665618896
2011-04-04,0.40132200717926025
2011-04-05,0.4020080268383026
2011-04-06,0.399263858795166
2011-04-07,0.4138990044593811
2011-04-08,0.40132200717926025
2011-04-11,0.3960625231266022
2011-04-12,0.3972058594226837
2011-04-13,0.40612417459487915
2011-04-14,0.4232747256755829
2011-04-15,0.42784810066223145
2011-04-18,0.4136703908443451
2011-04-19,0.41206973791122437
2011-04-20,0.4246467053890228
2011-04-21,0.4235033094882965
2011-04-25,0.43013495206832886
2011-04-26,0.4413398802280426
2011-04-27,0.4413398802280426
2011-04-28,0.44614213705062866
2011-04-29,0.45734697580337524
2011-05-02,0.45117291808128357
2011-05-03,0.4296776056289673
2011-05-04,0.42647603154182434
2011-05-05,0.4267047941684723
2011-05-06,0.44179731607437134
2011-05-09,0.451630175113678
2011-05-10,0.4523162245750427
2011-05-11,0.4543742537498474
2011-05-12,0.46878066658973694
2011-05-13,0.41755783557891846
2011-05-16,0.4047521650791168
2011-05-17,0.40315142273902893
2011-05-18,0.4125269949436188
2011-05-19,0.4065815508365631
2011-05-20,0.4136703908443451
2011-05-23,0.4132130444049835
2011-05-24,0.41481366753578186
2011-05-25,0.41984447836875916
2011-05-26,0.4303635060787201
2011-05-27,0.44591328501701355
2011-05-31,0.45826175808906555
2011-06-01,0.43768110871315
2011-06-02,0.43562301993370056
2011-06-03,0.4221312999725342
2011-06-06,0.4132130444049835
2011-06-07,0.41298434138298035
2011-06-08,0.4017794728279114
2011-06-09,0.3972058594226837
2011-06-10,0.3914889693260193
2011-06-13,0.38874509930610657
2011-06-14,0.39194634556770325
2011-06-15,0.3834855258464813
2011-06-16,0.37022244930267334
2011-06-17,0.3615328073501587
2011-06-20,0.3571881055831909
2011-06-21,0.36496293544769287
2011-06-22,0.3599320650100708
2011-06-23,0.3706798255443573
2011-06-24,0.3599320650100708
2011-06-27,0.3523857891559601
2011-06-28,0.35444390773773193
2011-06-29,0.3599320650100708
2011-06-30,0.3645056486129761
2011-07-01,0.36930763721466064
2011-07-05,0.3631335496902466
2011-07-06,0.35833144187927246
2011-07-07,0.3597034513950348
2011-07-08,0.3528432548046112
2011-07-11,0.34049490094184875
2011-07-12,0.3359212279319763
2011-07-13,0.3352353274822235
2011-07-14,0.32197242975234985
2011-07-15,0.32242974638938904
2011-07-18,0.31556934118270874
2011-07-19,0.32517382502555847
2011-07-20,0.3210575580596924
2011-07-21,0.3361499607563019
2011-07-22,0.3430102467536926
2011-07-25,0.3375220000743866
2011-07-26,0.32928991317749023
2011-07-27,0.316941499710083
2011-07-28,0.31625550985336304
2011-07-29,0.31625550985336304
2011-08-01,0.3331772983074188
2011-08-02,0.32974711060523987
2011-08-03,0.3386654853820801
2011-08-04,0.3064224421977997
2011-08-05,0.2961321175098419
2011-08-08,0.2728075385093689
2011-08-09,0.29567474126815796
2011-08-10,0.28218305110931396
2011-08-11,0.3066512942314148
2011-08-12,0.2945314049720764
2011-08-15,0.30573639273643494
2011-08-16,0.2970468997955322
2011-08-17,0.2929307222366333
2011-08-18,0.2730361223220825
2011-08-19,0.26823413372039795
2011-08-22,0.2730361223220825
2011-08-23,0.3025349974632263
2011-08-24,0.2981901168823242
2011-08-25,0.2853846251964569
2011-08-26,0.2975042164325714
2011-08-29,0.3055078685283661
2011-08-30,0.31282538175582886
2011-08-31,0.30436453223228455
2011-09-01,0.30367839336395264
2011-09-02,0.2954461872577667
2011-09-06,0.30139169096946716
2011-09-07,0.32585960626602173
2011-09-08,0.32425907254219055
2011-09-09,0.31739890575408936
2011-09-12,0.3249450623989105
2011-09-13,0.3322625756263733
2011-09-14,0.349413126707077
2011-09-15,0.35444390773773193
2011-09-16,0.35352927446365356
2011-09-19,0.34621167182922363
2011-09-20,0.33729347586631775
2011-09-21,0.3308905363082886
2011-09-22,0.3089379668235779
2011-09-23,0.31534072756767273
2011-09-26,0.31602680683135986
2011-09-27,0.31648409366607666
2011-09-28,0.3068798780441284
2011-09-29,0.2993336319923401
2011-09-30,0.2860706150531769
2011-10-03,0.27006345987319946
2011-10-04,0.2949887216091156
2011-10-05,0.3055078685283661
2011-10-06,0.31762760877609253
2011-10-07,0.3235730826854706
2011-10-10,0.3379794657230377
2011-10-11,0.33432063460350037
2011-10-12,0.3340919315814972
2011-10-13,0.35352927446365356
2011-10-14,0.35947471857070923
2011-10-17,0.34163808822631836
2011-10-18,0.35398656129837036
2011-10-19,0.3468976318836212
2011-10-20,0.3295186460018158
2011-10-21,0.3311191201210022
2011-10-24,0.3434675335884094
2011-10-25,0.3304332196712494
2011-10-26,0.33432063460350037
2011-10-27,0.34872710704803467
2011-10-28,0.35673072934150696
2011-10-31,0.3384367823600769
2011-11-01,0.32151496410369873
2011-11-02,0.31602680683135986
2011-11-03,0.3350067436695099
2011-11-04,0.33889415860176086
2011-11-07,0.33706486225128174
2011-11-08,0.3448397219181061
2011-11-09,0.32746052742004395
2011-11-10,0.3308905363082886
2011-11-11,0.342553049325943
2011-11-14,0.3359212279319763
2011-11-15,0.3402661383152008
2011-11-16,0.33340588212013245
2011-11-17,0.32151496410369873
2011-11-18,0.3185422122478485
2011-11-21,0.3345494270324707
2011-11-22,0.3448397219181061
2011-11-23,0.330204576253891
2011-11-25,0.3210575580596924
2011-11-28,0.3391227722167969
2011-11-29,0.340952068567276
2011-11-30,0.357416570186615
2011-12-01,0.36176154017448425
2011-12-02,0.35947471857070923
2011-12-05,0.35398656129837036
2011-12-06,0.3489557206630707
2011-12-07,0.3468976318836212
2011-12-08,0.3359212279319763
2011-12-09,0.34072357416152954
2011-12-12,0.3322625756263733
2011-12-13,0.32311567664146423
2011-12-14,0.310538649559021
2011-12-15,0.30779457092285156
2011-12-16,0.3089379668235779
2011-12-19,0.3009343445301056
2011-12-20,0.317856103181839
2011-12-21,0.3137401044368744
2011-12-22,0.327231764793396
2011-12-23,0.32403048872947693
2011-12-27,0.32151496410369873
2011-12-28,0.31351134181022644
2011-12-29,0.31945693492889404
2011-12-30,0.316941499710083
2012-01-03,0.3210575580596924
2012-01-04,0.32471638917922974
2012-01-05,0.3363787531852722
2012-01-06,0.33249130845069885
2012-01-09,0.33249130845069885
2012-01-10,0.3311191201210022
2012-01-11,0.32448774576187134
2012-01-12,0.32242974638938904
2012-01-13,0.31396880745887756
2012-01-17,0.3091665208339691
2012-01-18,0.31968554854393005
2012-01-19,0.32814642786979675
2012-01-20,0.32517382502555847
2012-01-23,0.3340919315814972
2012-01-24,0.34163808822631836
2012-01-25,0.339580237865448
2012-01-26,0.3363787531852722
2012-01-27,0.340952068567276
2012-01-30,0.3384367823600769
2012-01-31,0.3377508223056793
2012-02-01,0.3414095342159271
2012-02-02,0.35421523451805115
2012-02-03,0.36176154017448425
2012-02-06,0.3590174615383148
2012-02-07,0.3599320650100708
2012-02-08,0.372966468334198
2012-02-09,0.3727377951145172
2012-02-10,0.36359089612960815
2012-02-13,0.36930763721466064
2012-02-14,0.37136587500572205
2012-02-15,0.36976513266563416
2012-02-16,0.3761679232120514
2012-02-17,0.3624475300312042
2012-02-21,0.36427685618400574
2012-02-22,0.36176154017448425
2012-02-23,0.36381959915161133
2012-02-24,0.36107540130615234
2012-02-27,0.3537580668926239
2012-02-28,0.35055652260780334
2012-02-29,0.34644025564193726
2012-03-01,0.34872710704803467
2012-03-02,0.3516997694969177
2012-03-05,0.339808851480484
2012-03-06,0.336607426404953
2012-03-07,0.3386654853820801
2012-03-08,0.339808851480484
2012-03-09,0.33889415860176086
2012-03-12,0.3336346447467804
2012-03-13,0.3382081389427185
2012-03-14,0.32860395312309265
2012-03-15,0.33340588212013245
2012-03-16,0.3338632881641388
2012-03-19,0.3347780406475067
2012-03-20,0.32928991317749023
2012-03-21,0.3306618928909302
2012-03-22,0.330204576253891
2012-03-23,0.3327200710773468
2012-03-26,0.336607426404953
2012-03-27,0.33889415860176086
2012-03-28,0.34666895866394043
2012-03-29,0.3482697904109955
2012-03-30,0.35215720534324646
2012-04-02,0.35055652260780334
2012-04-03,0.3448397219181061
2012-04-04,0.3350067436695099
2012-04-05,0.3345494270324707
2012-04-09,0.330204576253891
2012-04-10,0.3238016963005066
2012-04-11,0.3279178738594055
2012-04-12,0.3356926739215851
2012-04-13,0.3238016963005066
2012-04-16,0.3199143409729004
2012-04-17,0.32060015201568604
2012-04-18,0.317170113325119
2012-04-19,0.3123682141304016
2012-04-20,0.30619385838508606
2012-04-23,0.3025349974632263
2012-04-24,0.2931593358516693
2012-04-25,0.2991048991680145
2012-04-26,0.2993336319923401
2012-04-27,0.29681825637817383
2012-04-30,0.2972753942012787
2012-05-01,0.3025349974632263
2012-05-02,0.29384538531303406
2012-05-03,0.2888146936893463
2012-05-04,0.28035372495651245
2012-05-07,0.2851558327674866
2012-05-08,0.28492721915245056
2012-05-09,0.2860706150531769
2012-05-10,0.28401249647140503
2012-05-11,0.3020777106285095
2012-05-14,0.30024829506874084
2012-05-15,0.2972753942012787
2012-05-16,0.29133012890815735
2012-05-17,0.28927212953567505
2012-05-18,0.2762376368045807
2012-05-21,0.2810397744178772
2012-05-22,0.27760961651802063
2012-05-23,0.2844698429107666
2012-05-24,0.27692362666130066
2012-05-25,0.28355512022972107
2012-05-29,0.2908727526664734
2012-05-30,0.28744271397590637
2012-05-31,0.2842412292957306
2012-06-01,0.27395081520080566
2012-06-04,0.26823413372039795
2012-06-05,0.2760089635848999
2012-06-06,0.28332650661468506
2012-06-07,0.2718927562236786
2012-06-08,0.2771523892879486
2012-06-11,0.28035372495651245
2012-06-12,0.2860706150531769
2012-06-13,0.2785242795944214
2012-06-14,0.27509409189224243
2012-06-15,0.2810397744178772
2012-06-18,0.28355512022972107
2012-06-19,0.30276381969451904
2012-06-20,0.3075658977031708
2012-06-21,0.2936168909072876
2012-06-22,0.2972753942012787
2012-06-25,0.2878999412059784
2012-06-26,0.2911013662815094
2012-06-27,0.3004770576953888
2012-06-28,0.30276381969451904
2012-06-29,0.31602680683135986
2012-07-02,0.3075658977031708
2012-07-03,0.31556934118270874
2012-07-05,0.3123682141304016
2012-07-06,0.3064224421977997
2012-07-09,0.3023063838481903
2012-07-10,0.2931593358516693
2012-07-11,0.28835734724998474
2012-07-12,0.28355512022972107
2012-07-13,0.2872140109539032
2012-07-16,0.2881285548210144
2012-07-17,0.2828691601753235
2012-07-18,0.2986476719379425
2012-07-19,0.30162039399147034
2012-07-20,0.2929307222366333
2012-07-23,0.29681825637817383
2012-07-24,0.2936168909072876
2012-07-25,0.2993336319923401
2012-07-26,0.30070561170578003
2012-07-27,0.30825188755989075
2012-07-30,0.3048216998577118
2012-07-31,0.3096238672733307
2012-08-01,0.30619385838508606
2012-08-02,0.30733731389045715
2012-08-03,0.3137401044368744
2012-08-06,0.32037171721458435
2012-08-07,0.3235730826854706
2012-08-08,0.3254023790359497
2012-08-09,0.3363787531852722
2012-08-10,0.33432063460350037
2012-08-13,0.3386654853820801
2012-08-14,0.3336346447467804
2012-08-15,0.3311191201210022
2012-08-16,0.3379794657230377
2012-08-17,0.3350067436695099
2012-08-20,0.3350067436695099
2012-08-21,0.3340919315814972
2012-08-22,0.3347780406475067
2012-08-23,0.327231764793396
2012-08-24,0.3338632881641388
2012-08-27,0.32814642786979675
2012-08-28,0.32677438855171204
2012-08-29,0.32746052742004395
2012-08-30,0.3212862014770508
2012-08-31,0.3208288848400116
2012-09-04,0.30367839336395264
2012-09-05,0.3045930862426758
2012-09-06,0.31396880745887756
2012-09-07,0.3064224421977997
2012-09-10,0.30367839336395264
2012-09-11,0.30733731389045715
2012-09-12,0.3107672333717346
2012-09-13,0.31282538175582886
2012-09-14,0.31648409366607666
2012-09-17,0.30779457092285156
2012-09-18,0.309852659702301
2012-09-19,0.31351134181022644
2012-09-20,0.31122466921806335
2012-09-21,0.3125966191291809
2012-09-24,0.3123682141304016
2012-09-25,0.3066512942314148
2012-09-26,0.30139169096946716
2012-09-27,0.30367839336395264
2012-09-28,0.30505046248435974
2012-10-01,0.3000195622444153
2012-10-02,0.3011630177497864
2012-10-03,0.2981901168823242
2012-10-04,0.31145334243774414
2012-10-05,0.30413565039634705
2012-10-08,0.3011630177497864
2012-10-09,0.294760137796402
2012-10-10,0.2897292673587799
2012-10-11,0.29133012890815735
2012-10-12,0.2888146936893463
2012-10-15,0.2924734950065613
2012-10-16,0.3009343445301056
2012-10-17,0.2986476719379425
2012-10-18,0.294074147939682
2012-10-19,0.27692362666130066
2012-10-22,0.27372220158576965
2012-10-23,0.28195449709892273
2012-10-24,0.2782956659793854
2012-10-25,0.2785242795944214
2012-10-26,0.27555155754089355
2012-10-31,0.27395081520080566
2012-11-01,0.28698524832725525
2012-11-02,0.28561320900917053
2012-11-05,0.29773297905921936
2012-11-06,0.2975042164325714
2012-11-07,0.28835734724998474
2012-11-08,0.28995800018310547
2012-11-09,0.278752863407135
2012-11-12,0.2725788950920105
2012-11-13,0.27052077651023865
2012-11-14,0.26388922333717346
2012-11-15,0.2650325894355774
2012-11-16,0.2602303922176361
2012-11-19,0.2675480544567108
2012-11-20,0.26444101333618164
2012-11-21,0.2720358967781067
2012-11-23,0.27387702465057373
2012-11-26,0.2787102162837982
2012-11-27,0.2798609435558319
2012-11-28,0.2821623980998993
2012-11-29,0.2770991623401642
2012-11-30,0.27548813819885254
2012-12-03,0.27042487263679504
2012-12-04,0.27848002314567566
2012-12-05,0.27525806427001953
2012-12-06,0.27571821212768555
2012-12-07,0.27525806427001953
2012-12-10,0.28446391224861145
2012-12-11,0.2911383807659149
2012-12-12,0.2881462275981903
2012-12-13,0.28837651014328003
2012-12-14,0.28975731134414673
2012-12-17,0.2886066734790802
2012-12-18,0.28906697034835815
2012-12-19,0.2911383807659149
2012-12-20,0.2909080684185028
2012-12-21,0.2842338979244232
2012-12-24,0.28193235397338867
2012-12-26,0.2817022204399109
2012-12-27,0.2798609435558319
2012-12-28,0.27848002314567566
2012-12-31,0.2821623980998993
2013-01-02,0.2927493453025818
2013-01-03,0.29297947883605957
2013-01-04,0.30264562368392944
2013-01-07,0.2939000129699707
2013-01-08,0.28745585680007935
2013-01-09,0.2810116708278656
2013-01-10,0.28147193789482117
2013-01-11,0.2810116708278656
2013-01-14,0.2807815372943878
2013-01-15,0.27571821212768555
2013-01-16,0.2782498598098755
2013-01-17,0.28193235397338867
2013-01-18,0.28009098768234253
2013-01-22,0.2787102162837982
2013-01-23,0.27917060256004333
2013-01-24,0.2805512845516205
2013-01-25,0.2856147289276123
2013-01-28,0.2902177572250366
2013-01-29,0.2840035557746887
2013-01-30,0.28354331851005554
2013-01-31,0.2821623980998993
2013-02-01,0.2846940755844116
2013-02-04,0.2798609435558319
2013-02-05,0.2863052189350128
2013-02-06,0.2840035557746887
2013-02-07,0.2828529477119446
2013-02-08,0.2846940755844116
2013-02-11,0.28791627287864685
2013-02-12,0.28607502579689026
2013-02-13,0.2846940755844116
2013-02-14,0.29297947883605957
2013-02-15,0.29297947883605957
2013-02-19,0.28906697034835815
2013-02-20,0.2849242091178894
2013-02-21,0.2828529477119446
2013-02-22,0.2881462275981903
2013-02-25,0.28308308124542236
2013-02-26,0.2864406704902649
2013-02-27,0.29176658391952515
2013-02-28,0.2931559681892395
2013-03-01,0.29431378841400146
2013-03-04,0.2931559681892395
2013-03-05,0.2963978350162506
2013-03-06,0.29616624116897583
2013-03-07,0.2954716384410858
2013-03-08,0.2968609035015106
2013-03-11,0.29408231377601624
2013-03-12,0.29500842094421387
2013-03-13,0.29500842094421387
2013-03-14,0.2952398359775543
2013-03-15,0.29269278049468994
2013-03-18,0.29060879349708557
2013-03-19,0.28875625133514404
2013-03-20,0.2922297418117523
2013-03-21,0.2875984311103821
2013-03-22,0.2889878749847412
2013-03-25,0.28736698627471924
2013-03-26,0.28945106267929077
2013-03-27,0.29292452335357666
2013-03-28,0.2970924377441406
2013-04-01,0.28736698627471924
2013-04-02,0.2843565046787262
2013-04-03,0.2808833122253418
2013-04-04,0.28366199135780334
2013-04-05,0.28852471709251404
2013-04-08,0.28783005475997925
2013-04-09,0.29246118664741516
2013-04-10,0.2970924377441406
2013-04-11,0.29570308327674866
2013-04-12,0.30311307311058044
2013-04-15,0.2968609035015106
2013-04-16,0.30010277032852173
2013-04-17,0.29616624116897583
2013-04-18,0.29037728905677795
2013-04-19,0.29107192158699036
2013-04-22,0.291534960269928
2013-04-23,0.29917654395103455
2013-04-24,0.30936530232429504
2013-04-25,0.3119122385978699
2013-04-26,0.31052297353744507
2013-04-29,0.31422799825668335
2013-04-30,0.3188591003417969
2013-05-01,0.31608039140701294
2013-05-02,0.3197854459285736
2013-05-03,0.3211747705936432
2013-05-06,0.320248544216156
2013-05-07,0.31608039140701294
2013-05-08,0.32186949253082275
2013-05-09,0.322100967168808
2013-05-10,0.33668941259384155
2013-05-13,0.32974255084991455
2013-05-14,0.33460530638694763
2013-05-15,0.3403942286968231
2013-05-16,0.33877336978912354
2013-05-17,0.344330757856369
2013-05-20,0.34363624453544617
2013-05-21,0.34724360704421997
2013-05-22,0.33514127135276794
2013-05-23,0.34049421548843384
2013-05-24,0.338399738073349
2013-05-28,0.33816683292388916
2013-05-29,0.3360722064971924
2013-05-30,0.34049421548843384
2013-05-31,0.33677053451538086
2013-06-03,0.3363049626350403
2013-06-04,0.33677053451538086
2013-06-05,0.32955560088157654
2013-06-06,0.33165013790130615
2013-06-07,0.3363049626350403
2013-06-10,0.3360722064971924
2013-06-11,0.329788476228714
2013-06-12,0.3269954323768616
2013-06-13,0.33444321155548096
2013-06-14,0.33397752046585083
2013-06-17,0.3372359275817871
2013-06-18,0.33514127135276794
2013-06-19,0.3453816771507263
2013-06-20,0.3360722064971924
2013-06-21,0.3356069028377533
2013-06-24,0.3286246657371521
2013-06-25,0.3309520184993744
2013-06-26,0.3290901482105255
2013-06-27,0.3260645568370819
2013-06-28,0.32676270604133606
2013-07-01,0.32815930247306824
2013-07-02,0.32792651653289795
2013-07-03,0.3288573622703552
2013-07-05,0.3314175009727478
2013-07-08,0.329788476228714
2013-07-09,0.3314175009727478
2013-07-10,0.33583956956863403
2013-07-11,0.34049421548843384
2013-07-12,0.3407270014286041
2013-07-15,0.3400287926197052
2013-07-16,0.34189069271087646
2013-07-17,0.3400287926197052
2013-07-18,0.3386323153972626
2013-07-19,0.3314175009727478
2013-07-22,0.3311848044395447
2013-07-23,0.33071938157081604
2013-07-24,0.33071938157081604
2013-07-25,0.33188292384147644
2013-07-26,0.33048662543296814
2013-07-29,0.329788476228714
2013-07-30,0.33537402749061584
2013-07-31,0.3360722064971924
2013-08-01,0.3407270014286041
2013-08-02,0.34351977705955505
2013-08-05,0.3451489806175232
2013-08-06,0.3400287926197052
2013-08-07,0.3397960662841797
2013-08-08,0.3421232998371124
2013-08-09,0.3372359275817871
2013-08-12,0.33444321155548096
2013-08-13,0.3356069028377533
2013-08-14,0.34980374574661255
2013-08-15,0.3521311283111572
2013-08-16,0.35352763533592224
2013-08-19,0.3479418456554413
2013-08-20,0.3496960997581482
2013-08-21,0.34805870056152344
2013-08-22,0.349930077791214
2013-08-23,0.349930077791214
2013-08-26,0.35063180327415466
2013-08-27,0.3461875319480896
2013-08-28,0.3461875319480896
2013-08-29,0.3454858660697937
2013-08-30,0.3450179994106293
2013-09-03,0.34525176882743835
2013-09-04,0.3485267162322998
2013-09-05,0.34946221113204956
2013-09-06,0.34805870056152344
2013-09-09,0.3539064824581146
2013-09-10,0.36139166355133057
2013-09-11,0.36747342348098755
2013-09-12,0.36723941564559937
2013-09-13,0.36957862973213196
2013-09-16,0.3698124289512634
2013-09-17,0.3709820508956909
2013-09-18,0.37425675988197327
2013-09-19,0.3726193904876709
2013-09-20,0.36934465169906616
2013-09-23,0.365835964679718
2013-09-24,0.36723941564559937
2013-09-25,0.3677072823047638
2013-09-26,0.36653774976730347
2013-09-27,0.3644324839115143
2013-09-30,0.36396461725234985
2013-10-01,0.363730788230896
2013-10-02,0.36349695920944214
2013-10-03,0.3597542643547058
2013-10-04,0.3646664023399353
2013-10-07,0.3646664023399353
2013-10-08,0.361625611782074
2013-10-09,0.3560117185115814
2013-10-10,0.35998839139938354
2013-10-11,0.35694751143455505
2013-10-14,0.3623272776603699
2013-10-15,0.36045610904693604
2013-10-16,0.36490029096603394
2013-10-17,0.36560195684432983
2013-10-18,0.3698124289512634
2013-10-21,0.3707481026649475
2013-10-22,0.36887678503990173
2013-10-23,0.3625611364841461
2013-10-24,0.35998839139938354
2013-10-25,0.35647961497306824
2013-10-28,0.355777770280838
2013-10-29,0.35624566674232483
2013-10-30,0.3560117185115814
2013-10-31,0.35531002283096313
2013-11-01,0.35694751143455505
2013-11-04,0.34665536880493164
2013-11-05,0.3461875319480896
2013-11-06,0.3485267162322998
2013-11-07,0.3403398394584656
2013-11-08,0.36396461725234985
2013-11-11,0.36700567603111267
2013-11-12,0.3677072823047638
2013-11-13,0.3777654469013214
2013-11-14,0.379402756690979
2013-11-15,0.3782331049442291
2013-11-18,0.36911073327064514
2013-11-19,0.363113671541214
2013-11-20,0.35770460963249207
2013-11-21,0.36052682995796204
2013-11-22,0.35699912905693054
2013-11-25,0.36475998163223267
2013-11-26,0.367817223072052
2013-11-27,0.369228333234787
2013-11-29,0.3668765127658844
2013-12-02,0.37040433287620544
2013-12-03,0.3701689541339874
2013-12-04,0.3753429055213928
2013-12-05,0.369228333234787
2013-12-06,0.36381933093070984
2013-12-09,0.35770460963249207
2013-12-10,0.3659357726573944
2013-12-11,0.36240828037261963
2013-12-12,0.3553529381752014
2013-12-13,0.35323622822761536
2013-12-16,0.3537066578865051
2013-12-17,0.3553529381752014
2013-12-18,0.36029160022735596
2013-12-19,0.3617025911808014
2013-12-20,0.3689933121204376
2013-12-23,0.3711097538471222
2013-12-24,0.3720504641532898
2013-12-26,0.3685228228569031
2013-12-27,0.370639443397522
2013-12-30,0.37557822465896606
2013-12-31,0.3767539858818054
2014-01-02,0.3729911744594574
2014-01-03,0.3685228228569031
2014-01-06,0.3734614849090576
2014-01-07,0.37957608699798584
2014-01-08,0.3847501277923584
2014-01-09,0.37040433287620544
2014-01-10,0.3699337840080261
2014-01-13,0.36123231053352356
2014-01-14,0.3725208640098572
2014-01-15,0.3765188753604889
2014-01-16,0.3776947557926178
2014-01-17,0.3760485053062439
2014-01-21,0.3774596154689789
2014-01-22,0.3769892454147339
2014-01-23,0.37557822465896606
2014-01-24,0.3659357726573944
2014-01-27,0.36358407139778137
2014-01-28,0.3671116828918457
2014-01-29,0.36358407139778137
2014-01-30,0.369698703289032
2014-01-31,0.369228333234787
2014-02-03,0.3642895817756653
2014-02-04,0.3664061427116394
2014-02-05,0.363113671541214
2014-02-06,0.367817223072052
2014-02-07,0.37322625517845154
2014-02-10,0.3744022250175476
2014-02-11,0.38216304779052734
2014-02-12,0.3958033323287964
2014-02-13,0.40826770663261414
2014-02-14,0.42120251059532166
2014-02-18,0.42096731066703796
2014-02-19,0.4266115427017212
2014-02-20,0.44166299700737
2014-02-21,0.4383704364299774
2014-02-24,0.4447202682495117
2014-02-25,0.44271212816238403
2014-02-26,0.442003458738327
2014-02-27,0.4370425045490265
2014-02-28,0.43420764803886414
2014-03-03,0.432081401348114
2014-03-04,0.4365699589252472
2014-03-05,0.44034984707832336
2014-03-06,0.43420764803886414
2014-03-07,0.4337351620197296
2014-03-10,0.42735666036605835
2014-03-11,0.43160897493362427
2014-03-12,0.4327901601791382
2014-03-13,0.41908830404281616
2014-03-14,0.42097821831703186
2014-03-17,0.42097821831703186
2014-03-18,0.43090030550956726
2014-03-19,0.4384598135948181
2014-03-20,0.4386961758136749
2014-03-21,0.43798744678497314
2014-03-24,0.43586140871047974
2014-03-25,0.43586140871047974
2014-03-26,0.42593914270401
2014-03-27,0.4202694594860077
2014-03-28,0.42286810278892517
2014-03-31,0.42310428619384766
2014-04-01,0.44058600068092346
2014-04-02,0.4377511441707611
2014-04-03,0.4424760341644287
2014-04-04,0.4287742078304291
2014-04-07,0.4301915466785431
2014-04-08,0.4455471336841583
2014-04-09,0.4450746178627014
2014-04-10,0.43420764803886414
2014-04-11,0.4280654191970825
2014-04-14,0.4327901601791382
2014-04-15,0.43586140871047974
2014-04-16,0.436806321144104
2014-04-17,0.4384598135948181
2014-04-21,0.442003458738327
2014-04-22,0.44578316807746887
2014-04-23,0.45098063349723816
2014-04-24,0.45499661564826965
2014-04-25,0.4424760341644287
2014-04-28,0.44058600068092346
2014-04-29,0.4415309429168701
2014-04-30,0.4363337457180023
2014-05-01,0.4386961758136749
2014-05-02,0.4353886544704437
2014-05-05,0.4401135742664337
2014-05-06,0.43113651871681213
2014-05-07,0.43160897493362427
2014-05-08,0.4370425045490265
2014-05-09,0.4264117181301117
2014-05-12,0.43893229961395264
2014-05-13,0.43184515833854675
2014-05-14,0.4275929629802704
2014-05-15,0.425230473279953
2014-05-16,0.42428553104400635
2014-05-19,0.43798744678497314
2014-05-20,0.43288490176200867
2014-05-21,0.43288490176200867
2014-05-22,0.4347834587097168
2014-05-23,0.438818097114563
2014-05-27,0.44664984941482544
2014-05-28,0.45044705271720886
2014-05-29,0.449735164642334
2014-05-30,0.4509217143058777
2014-06-02,0.4494978189468384
2014-06-03,0.44759926199913025
2014-06-04,0.4480738043785095
2014-06-05,0.4499724805355072
2014-06-06,0.45163384079933167
2014-06-09,0.45210835337638855
2014-06-10,0.45448166131973267
2014-06-11,0.460414856672287
2014-06-12,0.463262677192688
2014-06-13,0.46373745799064636
2014-06-16,0.4623134434223175
2014-06-17,0.46539872884750366
2014-06-18,0.46492406725883484
2014-06-19,0.4542441964149475
2014-06-20,0.449260413646698
2014-06-23,0.44403931498527527
2014-06-24,0.4371567666530609
2014-06-25,0.44166597723960876
2014-06-26,0.43573281168937683
2014-06-27,0.43620765209198
2014-06-30,0.44000476598739624
2014-07-01,0.4449886381626129
2014-07-02,0.4433273673057556
2014-07-03,0.4473617970943451
2014-07-07,0.4438018798828125
2014-07-08,0.44024205207824707
2014-07-09,0.45353230834007263
2014-07-10,0.45115911960601807
2014-07-11,0.45210835337638855
2014-07-14,0.45780423283576965
2014-07-15,0.45970281958580017
2014-07-16,0.45922818779945374
2014-07-17,0.4580415189266205
2014-07-18,0.4376314580440521
2014-07-21,0.44024205207824707
2014-07-22,0.4383434057235718
2014-07-23,0.42908763885498047
2014-07-24,0.4297996461391449
2014-07-25,0.4222051203250885
2014-07-28,0.42054393887519836
2014-07-29,0.42196792364120483
2014-07-30,0.42908763885498047
2014-07-31,0.4153227210044861
2014-08-01,0.41983187198638916
2014-08-04,0.41888269782066345
2014-08-05,0.4191198945045471
2014-08-06,0.4186452627182007
2014-08-07,0.4143732190132141
2014-08-08,0.4509217143058777
2014-08-11,0.44854849576950073
2014-08-12,0.44854849576950073
2014-08-13,0.45115911960601807
2014-08-14,0.4461751878261566
2014-08-15,0.45187100768089294
2014-08-18,0.4580415189266205
2014-08-19,0.4617364704608917
2014-08-20,0.4588758647441864
2014-08-21,0.45458510518074036
2014-08-22,0.45482349395751953
2014-08-25,0.4555385708808899
2014-08-26,0.4636434316635132
2014-08-27,0.45839905738830566
2014-08-28,0.46221309900283813
2014-08-29,0.4636434316635132
2014-09-02,0.4648353159427643
2014-09-03,0.4691261053085327
2014-09-04,0.4774693250656128
2014-09-05,0.47603899240493774
2014-09-08,0.4717482924461365
2014-09-09,0.4657888412475586
2014-09-10,0.46745753288269043
2014-09-11,0.46268996596336365
2014-09-12,0.45577704906463623
2014-09-15,0.44957923889160156
2014-09-16,0.45625361800193787
2014-09-17,0.4564920663833618
2014-09-18,0.4634050726890564
2014-09-19,0.45482349395751953
2014-09-22,0.4502943456172943
2014-09-23,0.44838738441467285
2014-09-24,0.4510093927383423
2014-09-25,0.4412359297275543
2014-09-26,0.44218945503234863
2014-09-29,0.4414743483066559
2014-09-30,0.43980586528778076
2014-10-01,0.43551498651504517
2014-10-02,0.43360796570777893
2014-10-03,0.43456146121025085
2014-10-06,0.4319392740726471
2014-10-07,0.4274101257324219
2014-10-08,0.4352765381336212
2014-10-09,0.4269333779811859
2014-10-10,0.4016653597354889
2014-10-13,0.400235116481781
2014-10-14,0.4095318913459778
2014-10-15,0.4157296419143677
2014-10-16,0.4159679710865021
2014-10-17,0.4152529239654541
2014-10-20,0.4188285171985626
2014-10-21,0.4367067813873291
2014-10-22,0.42645666003227234
2014-10-23,0.4359916150569916
2014-10-24,0.4405207931995392
2014-10-27,0.4407593011856079
2014-10-28,0.4512477517127991
2014-10-29,0.44838738441467285
2014-10-30,0.445526659488678
2014-10-31,0.4657888412475586
2014-11-03,0.47365519404411316
2014-11-04,0.4798530638217926
2014-11-05,0.4798530638217926
2014-11-06,0.481998473405838
2014-11-07,0.4717482924461365
2014-11-10,0.47723105549812317
2014-11-11,0.4715098738670349
2014-11-12,0.46841102838516235
2014-11-13,0.46602731943130493
2014-11-14,0.4717482924461365
2014-11-17,0.46960291266441345
2014-11-18,0.4808066487312317
2014-11-19,0.4790111780166626
2014-11-20,0.48691076040267944
2014-11-21,0.4895441234111786
2014-11-24,0.49265632033348083
2014-11-25,0.4924168288707733
2014-11-26,0.5007951855659485
2014-11-28,0.5019922256469727
2014-12-01,0.49265632033348083
2014-12-02,0.49337437748908997
2014-12-03,0.5060617327690125
2014-12-04,0.5015134215354919
2014-12-05,0.5043861865997314
2014-12-08,0.4979225993156433
2014-12-09,0.49624699354171753
2014-12-10,0.48523518443107605
2014-12-11,0.4849957525730133
2014-12-12,0.46991461515426636
2014-12-15,0.4684782326221466
2014-12-16,0.46321165561676025
2014-12-17,0.48212316632270813
2014-12-18,0.48403823375701904
2014-12-19,0.4888261556625366
2014-12-22,0.4974438548088074
2014-12-23,0.494331955909729
2014-12-24,0.4924168288707733
2014-12-26,0.4928956925868988
2014-12-29,0.49217739701271057
2014-12-30,0.4876290261745453
2014-12-31,0.479968786239624
2015-01-02,0.48188379406929016
2015-01-05,0.47374457120895386
2015-01-06,0.45938146114349365
2015-01-07,0.4581845700740814
2015-01-08,0.4754202961921692
2015-01-09,0.4773353934288025
2015-01-12,0.47135084867477417
2015-01-13,0.4706326425075531
2015-01-14,0.4725477397441864
2015-01-15,0.46919625997543335
2015-01-16,0.477814257144928
2015-01-20,0.4792506992816925
2015-01-21,0.4859532415866852
2015-01-22,0.494331955909729
2015-01-23,0.49576810002326965
2015-01-26,0.4936135709285736
2015-01-27,0.46991461515426636
2015-01-28,0.46225422620773315
2015-01-29,0.47350531816482544
2015-01-30,0.45962095260620117
2015-02-02,0.4696750342845917
2015-02-03,0.4814050495624542
2015-02-04,0.48260197043418884
2015-02-05,0.49050191044807434
2015-02-06,0.48834726214408875
2015-02-09,0.4878684878349304
2015-02-10,0.5015134215354919
2015-02-11,0.49816206097602844
2015-02-12,0.5338305830955505
2015-02-13,0.5340697765350342
2015-02-17,0.5357455611228943
2015-02-18,0.529521644115448
2015-02-19,0.5309580564498901
2015-02-20,0.5347881317138672
2015-02-23,0.5304790735244751
2015-02-24,0.5361261963844299
2015-02-25,0.5320411324501038
2015-02-26,0.53348308801651
2015-02-27,0.5301186442375183
2015-03-02,0.5430951118469238
2015-03-03,0.533002495765686
2015-03-04,0.5390101075172424
2015-03-05,0.5493432283401489
2015-03-06,0.541893720626831
2015-03-09,0.5433355569839478
2015-03-10,0.5527074337005615
2015-03-11,0.5498239398002625
2015-03-12,0.5447776913642883
2015-03-13,0.5454984903335571
2015-03-16,0.5519865155220032
2015-03-17,0.5587153434753418
2015-03-18,0.5495834946632385
2015-03-19,0.557994544506073
2015-03-20,0.5640021562576294
2015-03-23,0.545738697052002
2015-03-24,0.5382892489433289
2015-03-25,0.5056073069572449
2015-03-26,0.5039252042770386
2015-03-27,0.5137777924537659
2015-03-30,0.5159404873847961
2015-03-31,0.502964198589325
2015-04-01,0.5048863887786865
2015-04-02,0.5060878396034241
2015-04-06,0.5207465887069702
2015-04-07,0.5253125429153442
2015-04-08,0.5291572213172913
2015-04-09,0.5414131283760071
2015-04-10,0.5469402074813843
2015-04-13,0.541893720626831
2015-04-14,0.5373279452323914
2015-04-15,0.543816328048706
2015-04-16,0.5404518842697144
2015-04-17,0.53348308801651
2015-04-20,0.5308399200439453
2015-04-21,0.5301186442375183
2015-04-22,0.5361261963844299
2015-04-23,0.5339637398719788
2015-04-24,0.5293979048728943
2015-04-27,0.53348308801651
2015-04-28,0.5361261963844299
2015-04-29,0.5320411324501038
2015-04-30,0.53348308801651
2015-05-01,0.5467000603675842
2015-05-04,0.5433355569839478
2015-05-05,0.5293979048728943
2015-05-06,0.531079888343811
2015-05-07,0.5404518842697144
2015-05-08,0.5005608201026917
2015-05-11,0.4957549273967743
2015-05-12,0.5005608201026917
2015-05-13,0.503444492816925
2015-05-14,0.5116149187088013
2015-05-15,0.5118553638458252
2015-05-18,0.5111343264579773
2015-05-19,0.5079476237297058
2015-05-20,0.5079476237297058
2015-05-21,0.5043262839317322
2015-05-22,0.5036020874977112
2015-05-26,0.5004637241363525
2015-05-27,0.5272611975669861
2015-05-28,0.5345038175582886
2015-05-29,0.534262478351593
2015-06-01,0.5402976870536804
2015-06-02,0.5296754837036133
2015-06-03,0.5238814949989319
2015-06-04,0.5332970023155212
2015-06-05,0.5374011993408203
2015-06-08,0.5250883102416992
2015-06-09,0.5277442932128906
2015-06-10,0.5183286666870117
2015-06-11,0.5238814949989319
2015-06-12,0.5096373558044434
2015-06-15,0.5086721181869507
2015-06-16,0.514948844909668
2015-06-17,0.5209842920303345
2015-06-18,0.5296754837036133
2015-06-19,0.5279856324195862
2015-06-22,0.5258126258850098
2015-06-23,0.5122932195663452
2015-06-24,0.50722336769104
2015-06-25,0.5110859870910645
2015-06-26,0.5007050037384033
2015-06-29,0.4857371151447296
2015-06-30,0.48549553751945496
2015-07-01,0.4924968183040619
2015-07-02,0.4929797947406769
2015-07-06,0.48694419860839844
2015-07-07,0.4777700901031494
2015-07-08,0.4743903875350952
2015-07-09,0.4685961604118347
2015-07-10,0.4768044650554657
2015-07-13,0.4799428880214691
2015-07-14,0.48018428683280945
2015-07-15,0.4768044650554657
2015-07-16,0.4874269366264343
2015-07-17,0.48452991247177124
2015-07-20,0.4755973517894745
2015-07-21,0.4777700901031494
2015-07-22,0.4685961604118347
2015-07-23,0.4743903875350952
2015-07-24,0.4688376486301422
2015-07-27,0.46618202328681946
2015-07-28,0.47632166743278503
2015-07-29,0.48211559653282166
2015-07-30,0.4833228588104248
2015-07-31,0.48163294792175293
2015-08-03,0.48984113335609436
2015-08-04,0.49177244305610657
2015-08-05,0.4968424439430237
2015-08-06,0.49370381236076355
2015-08-07,0.5547832250595093
2015-08-10,0.5740967392921448
2015-08-11,0.5712001323699951
2015-08-12,0.5726481676101685
2015-08-13,0.5678195953369141
2015-08-14,0.568302571773529
2015-08-17,0.5646812915802002
2015-08-18,0.5595418214797974
2015-08-19,0.5573599338531494
2015-08-20,0.5372375845909119
2015-08-21,0.5205094814300537
2015-08-24,0.5020841956138611
2015-08-25,0.4916597902774811
2015-08-26,0.5287522077560425
2015-08-27,0.5486322045326233
2015-08-28,0.5510565638542175
2015-08-31,0.5449954271316528
2015-09-01,0.5226916670799255
2015-09-02,0.5384498238563538
2015-09-03,0.5399044156074524
2015-09-04,0.5272976756095886
2015-09-08,0.5498440861701965
2015-09-09,0.5389347672462463
2015-09-10,0.5474199056625366
2015-09-11,0.5491167306900024
2015-09-14,0.5500866174697876
2015-09-15,0.556147575378418
2015-09-16,0.5600265264511108
2015-09-17,0.5651177763938904
2015-09-18,0.5646329522132874
2015-09-21,0.5704513788223267
2015-09-22,0.5549354553222656
2015-09-23,0.5576021075248718
2015-09-24,0.5682696104049683
2015-09-25,0.5723909735679626
2015-09-28,0.5648755431175232
2015-09-29,0.5748152732849121
2015-09-30,0.5976040959358215
2015-10-01,0.5859671831130981
2015-10-02,0.6012408137321472
2015-10-05,0.6162717342376709
2015-10-06,0.6242718696594238
2015-10-07,0.6308179497718811
2015-10-08,0.6344543099403381
2015-10-09,0.6320299506187439
2015-10-12,0.6388182640075684
2015-10-13,0.6400303840637207
2015-10-14,0.6633042097091675
2015-10-15,0.6650013327598572
2015-10-16,0.6754261255264282
2015-10-19,0.674213707447052
2015-10-20,0.6732441186904907
2015-10-21,0.6645163893699646
2015-10-22,0.6885173916816711
2015-10-23,0.6931238770484924
2015-10-26,0.6899721622467041
2015-10-27,0.6894875168800354
2015-10-28,0.6950634121894836
2015-10-29,0.6710620522499084
2015-10-30,0.6877901554107666
2015-11-02,0.6957905292510986
2015-11-03,0.6909417510032654
2015-11-04,0.6795473694801331
2015-11-05,0.6717894077301025
2015-11-06,0.7648848295211792
2015-11-09,0.7614909410476685
2015-11-10,0.7469445466995239
2015-11-11,0.7396716475486755
2015-11-12,0.7370045781135559
2015-11-13,0.7224584817886353
2015-11-16,0.7370045781135559
2015-11-17,0.7370045781135559
2015-11-18,0.7551345229148865
2015-11-19,0.7573249340057373
2015-11-20,0.7638955116271973
2015-11-23,0.7524579167366028
2015-11-24,0.7585417628288269
2015-11-25,0.757568359375
2015-11-27,0.7638955116271973
2015-11-30,0.7719263434410095
2015-12-01,0.7969920635223389
2015-12-02,0.7909080386161804
2015-12-03,0.7892046570777893
2015-12-04,0.8213276267051697
2015-12-07,0.8057529926300049
2015-12-08,0.8167038559913635
2015-12-09,0.7960184216499329
2015-12-10,0.8025893568992615
2015-12-11,0.7906646728515625
2015-12-14,0.7926116585731506
2015-12-15,0.8023458123207092
2015-12-16,0.807212769985199
2015-12-17,0.7950452566146851
2015-12-18,0.7821471691131592
2015-12-21,0.8006424307823181
2015-12-22,0.8013725876808167
2015-12-23,0.8045360445976257
2015-12-24,0.807212769985199
2015-12-28,0.8064830899238586
2015-12-29,0.8196243643760681
2015-12-30,0.8125666975975037
2015-12-31,0.8021024465560913
2016-01-04,0.7877444624900818
2016-01-05,0.800399124622345
2016-01-06,0.7673025727272034
2016-01-07,0.7368831634521484
2016-01-08,0.7210648059844971
2016-01-11,0.7222815155982971
2016-01-12,0.7344492673873901
2016-01-13,0.7120608687400818
2016-01-14,0.6977025270462036
2016-01-15,0.6597389578819275
2016-01-19,0.6650930047035217
2016-01-20,0.6687431931495667
2016-01-21,0.6765305399894714
2016-01-22,0.6923488974571228
2016-01-25,0.6916186809539795
2016-01-26,0.6984328031539917
2016-01-27,0.6901586651802063
2016-01-28,0.6826146841049194
2016-01-29,0.7127907276153564
2016-02-01,0.7130340337753296
2016-02-02,0.682857871055603
2016-02-03,0.6862649321556091
2016-02-04,0.686508297920227
2016-02-05,0.643190860748291
2016-02-08,0.6137445569038391
2016-02-09,0.6203151941299438
2016-02-10,0.6188551187515259
2016-02-11,0.6156915426254272
2016-02-12,0.6261557340621948
2016-02-16,0.6568188667297363
2016-02-17,0.6731235384941101
2016-02-18,0.7310423851013184
2016-02-19,0.7407765984535217
2016-02-22,0.7670592665672302
2016-02-23,0.7690062522888184
2016-02-24,0.774359941482544
2016-02-25,0.7760635018348694
2016-02-26,0.7709528803825378
2016-02-29,0.7659458518028259
2016-03-01,0.7998955845832825
2016-03-02,0.8045362830162048
2016-03-03,0.7974533438682556
2016-03-04,0.7950108051300049
2016-03-07,0.789881706237793
2016-03-08,0.7754712104797363
2016-03-09,0.7749829292297363
2016-03-10,0.7737616896629333
2016-03-11,0.7869507670402527
2016-03-14,0.7889049053192139
2016-03-15,0.7849968075752258
2016-03-16,0.8084441423416138
2016-03-17,0.8016052842140198
2016-03-18,0.8257856369018555
2016-03-21,0.8282278776168823
2016-03-22,0.8267624974250793
2016-03-23,0.8409284353256226
2016-03-24,0.8421497344970703
2016-03-28,0.8506981134414673
2016-03-29,0.8643757104873657
2016-03-30,0.8734127283096313
2016-03-31,0.8702377676963806
2016-04-01,0.8829383850097656
2016-04-04,0.8743898868560791
2016-04-05,0.8731685876846313
2016-04-06,0.8743898868560791
2016-04-07,0.8653528690338135
2016-04-08,0.8709704875946045
2016-04-11,0.876343846321106
2016-04-12,0.875366747379303
2016-04-13,0.8973485827445984
2016-04-14,0.8997910022735596
2016-04-15,0.9068741798400879
2016-04-18,0.9029662609100342
2016-04-19,0.8868459463119507
2016-04-20,0.890265703201294
2016-04-21,0.8892885446548462
2016-04-22,0.8858692049980164
2016-04-25,0.890265703201294
2016-04-26,0.8909983038902283
2016-04-27,0.9112706184387207
2016-04-28,0.8841594457626343
2016-04-29,0.8677951693534851
2016-05-02,0.8792744278907776
2016-05-03,0.8687720894813538
2016-05-04,0.84898841381073
2016-05-05,0.8541175127029419
2016-05-06,0.8629103899002075
2016-05-09,0.8616891503334045
2016-05-10,0.8782976269721985
2016-05-11,0.8807401657104492
2016-05-12,0.8687720894813538
2016-05-13,1.00090754032135
2016-05-16,1.0304608345031738
2016-05-17,1.0326594114303589
2016-05-18,1.0590375661849976
2016-05-19,1.0636780261993408
2016-05-20,1.0827288627624512
2016-05-23,1.0844388008117676
2016-05-24,1.1107628345489502
2016-05-25,1.106110692024231
2016-05-26,1.1178646087646484
2016-05-27,1.1239862442016602
2016-05-31,1.1440659761428833
2016-06-01,1.1462703943252563
2016-06-02,1.154350996017456
2016-06-03,1.138189435005188
2016-06-06,1.1323120594024658
2016-06-07,1.1345158815383911
2016-06-08,1.1308430433273315
2016-06-09,1.1602286100387573
2016-06-10,1.131332516670227
2016-06-13,1.1457804441452026
2016-06-14,1.1479841470718384
2016-06-15,1.159738540649414
2016-06-16,1.164391040802002
2016-06-17,1.1440659761428833
2016-06-20,1.1646358966827393
2016-06-21,1.157534122467041
2016-06-22,1.1565552949905396
2016-06-23,1.1874092817306519
2016-06-24,1.1198232173919678
2016-06-27,1.107824683189392
2016-06-28,1.1239862442016602
2016-06-29,1.1423519849777222
2016-06-30,1.151167392730713
2016-07-01,1.1425970792770386
2016-07-05,1.159493327140808
2016-07-06,1.1668400764465332
2016-07-07,1.197204351425171
2016-07-08,1.2452006340026855
2016-07-11,1.2738510370254517
2016-07-12,1.2929519414901733
2016-07-13,1.2924617528915405
2016-07-14,1.3056854009628296
2016-07-15,1.290502905845642
2016-07-18,1.2971147298812866
2016-07-19,1.3105831146240234
2016-07-20,1.3277239799499512
2016-07-21,1.3032366037368774
2016-07-22,1.338743805885315
2016-07-25,1.3634759187698364
2016-07-26,1.38673996925354
2016-07-27,1.3727818727493286
2016-07-28,1.3757197856903076
2016-07-29,1.3982484340667725
2016-08-01,1.3891881704330444
2016-08-02,1.3722918033599854
2016-08-03,1.3759644031524658
2016-08-04,1.4014322757720947
2016-08-05,1.4251855611801147
2016-08-08,1.4384084939956665
2016-08-09,1.4420816898345947
2016-08-10,1.4327762126922607
2016-08-11,1.4619168043136597
2016-08-12,1.5437061786651611
2016-08-15,1.542236566543579
2016-08-16,1.5329313278198242
2016-08-17,1.4974238872528076
2016-08-18,1.5206868648529053
2016-08-19,1.5246050357818604
2016-08-22,1.5309717655181885
2016-08-23,1.5433613061904907
2016-08-24,1.519564151763916
2016-08-25,1.5095059871673584
2016-08-26,1.521772861480713
2016-08-29,1.5207908153533936
2016-08-30,1.511959195137024
2016-08-31,1.5048445463180542
2016-09-01,1.549249291419983
2016-09-02,1.5340385437011719
2016-09-06,1.5485132932662964
2016-09-07,1.5256978273391724
2016-09-08,1.5367374420166016
2016-09-09,1.4601950645446777
2016-09-12,1.490370750427246
2016-09-13,1.4687809944152832
2016-09-14,1.4817841053009033
2016-09-15,1.5379639863967896
2016-09-16,1.5416436195373535
2016-09-19,1.5620062351226807
2016-09-20,1.547776699066162
2016-09-21,1.5912002325057983
2016-09-22,1.5951255559921265
2016-09-23,1.593408226966858
2016-09-26,1.5784432888031006
2016-09-27,1.6324150562286377
2016-09-28,1.638303279876709
2016-09-29,1.653513789176941
2016-09-30,1.6809909343719482
2016-10-03,1.6792733669281006
2016-10-04,1.6755931377410889
2016-10-05,1.6738758087158203
2016-10-06,1.652042031288147
2016-10-07,1.6400209665298462
2016-10-10,1.6461540460586548
2016-10-11,1.6223572492599487
2016-10-12,1.6297167539596558
2016-10-13,1.6032214164733887
2016-10-14,1.6189223527908325
2016-10-17,1.6096001863479614
2016-10-18,1.634132981300354
2016-10-19,1.6306979656219482
2016-10-20,1.661609172821045
2016-10-21,1.6569488048553467
2016-10-24,1.7347177267074585
2016-10-25,1.7631752490997314
2016-10-26,1.7702900171279907
2016-10-27,1.7339811325073242
2016-10-28,1.7310376167297363
2016-10-31,1.745756983757019
2016-11-01,1.6939928531646729
2016-11-02,1.6868782043457031
2016-11-03,1.6672521829605103
2016-11-04,1.657684326171875
2016-11-07,1.7484556436538696
2016-11-08,1.745756983757019
2016-11-09,1.7163177728652954
2016-11-10,1.6625908613204956
2016-11-11,2.1581544876098633
2016-11-14,2.051927089691162
2016-11-15,2.1144862174987793
2016-11-16,2.2479441165924072
2016-11-17,2.2665903568267822
2016-11-18,2.290386915206909
2016-11-21,2.28106427192688
2016-11-22,2.2975013256073
2016-11-23,2.308803081512451
2016-11-25,2.313472032546997
2016-11-28,2.3122434616088867
2016-11-29,2.2911128997802734
2016-11-30,2.265315294265747
2016-12-01,2.153277635574341
2016-12-02,2.1731793880462646
2016-12-05,2.2574520111083984
2016-12-06,2.2945520877838135
2016-12-07,2.335829496383667
2016-12-08,2.296764373779297
2016-12-09,2.255978584289551
2016-12-12,2.201188325881958
2016-12-13,2.2400074005126953
2016-12-14,2.3697350025177
2016-12-15,2.4252614974975586
2016-12-16,2.467031240463257
2016-12-19,2.49700665473938
2016-12-20,2.583982229232788
2016-12-21,2.600198745727539
2016-12-22,2.6316468715667725
2016-12-23,2.6972479820251465
2016-12-27,2.8825018405914307
2016-12-28,2.6842262744903564
2016-12-29,2.7377877235412598
2016-12-30,2.6225569248199463
2017-01-03,2.506342649459839
2017-01-04,2.5648179054260254
2017-01-05,2.499708890914917
2017-01-06,2.53312349319458
2017-01-09,2.6358234882354736
2017-01-10,2.615922689437866
2017-01-11,2.583735466003418
2017-01-12,2.5414767265319824
2017-01-13,2.541231155395508
2017-01-17,2.484229564666748
2017-01-18,2.529437303543091
2017-01-19,2.583735466003418
2017-01-20,2.555481433868408
2017-01-23,2.582016706466675
2017-01-24,2.6370527744293213
2017-01-25,2.6483545303344727
2017-01-26,2.694054126739502
2017-01-27,2.746141195297241
2017-01-30,2.7031452655792236
2017-01-31,2.6825063228607178
2017-02-01,2.7997031211853027
2017-02-02,2.8350830078125
2017-02-03,2.8102684020996094
2017-02-06,2.882256269454956
2017-02-07,2.926973581314087
2017-02-08,2.9141972064971924
2017-02-09,2.8594067096710205
2017-02-10,2.791594982147217
2017-02-13,2.662850856781006
2017-02-14,2.6726784706115723
2017-02-15,2.678083658218384
2017-02-16,2.635087251663208
2017-02-17,2.6345956325531006
2017-02-21,2.728943109512329
2017-02-22,2.724760055541992
2017-02-23,2.472111940383911
2017-02-24,2.4959752559661865
2017-02-27,2.568547487258911
2017-02-28,2.4964675903320312
2017-03-01,2.5286943912506104
2017-03-02,2.435457706451416
2017-03-03,2.4214351177215576
2017-03-06,2.4027397632598877
2017-03-07,2.4290616512298584
2017-03-08,2.424633502960205
2017-03-09,2.4241418838500977
2017-03-10,2.4384095668792725
2017-03-13,2.5055696964263916
2017-03-14,2.5038468837738037
2017-03-15,2.52278995513916
2017-03-16,2.5537867546081543
2017-03-17,2.609384059906006
2017-03-20,2.692533493041992
2017-03-21,2.60544753074646
2017-03-22,2.6585853099823
2017-03-23,2.634476900100708
2017-03-24,2.6438255310058594
2017-03-27,2.663012981414795
2017-03-28,2.6492366790771484
2017-03-29,2.640626907348633
2017-03-30,2.691303014755249
2017-03-31,2.679741621017456
2017-04-03,2.6662113666534424
2017-04-04,2.4792470932006836
2017-04-05,2.4607961177825928
2017-04-06,2.478754997253418
2017-04-07,2.4681766033172607
2017-04-10,2.405198812484741
2017-04-11,2.4138095378875732
2017-04-12,2.393883228302002
2017-04-13,2.349109649658203
2017-04-17,2.4411160945892334
2017-04-18,2.4425911903381348
2017-04-19,2.4521853923797607
2017-04-20,2.4910550117492676
2017-04-21,2.501386880874634
2017-04-24,2.5326297283172607
2017-04-25,2.576664924621582
2017-04-26,2.558953046798706
2017-04-27,2.5988047122955322
2017-04-28,2.5658411979675293
2017-05-01,2.623406410217285
2017-05-02,2.545668363571167
2017-05-03,2.564610719680786
2017-05-04,2.5547707080841064
2017-05-05,2.55501651763916
2017-05-08,2.5282022953033447
2017-05-09,2.532383680343628
2017-05-10,2.983804225921631
2017-05-11,3.111973762512207
2017-05-12,3.1461684703826904
2017-05-15,3.3041043281555176
2017-05-16,3.3656058311462402
2017-05-17,3.1419858932495117
2017-05-18,3.27359938621521
2017-05-19,3.3492023944854736
2017-05-22,3.4206197261810303
2017-05-23,3.3745687007904053
2017-05-24,3.4124929904937744
2017-05-25,3.4048588275909424
2017-05-26,3.4930217266082764
2017-05-30,3.567640542984009
2017-05-31,3.5548341274261475
2017-06-01,3.555079460144043
2017-06-02,3.5373497009277344
2017-06-05,3.6449673175811768
2017-06-06,3.628466844558716
2017-06-07,3.672302007675171
2017-06-08,3.938760995864868
2017-06-09,3.6841235160827637
2017-06-12,3.6932356357574463
2017-06-13,3.728451728820801
2017-06-14,3.7363314628601074
2017-06-15,3.7523388862609863
2017-06-16,3.7338690757751465
2017-06-19,3.874239683151245
2017-06-20,3.8685755729675293
2017-06-21,3.927187204360962
2017-06-22,3.900096893310547
2017-06-23,3.7882938385009766
2017-06-26,3.746920585632324
2017-06-27,3.6097514629364014
2017-06-28,3.737070083618164
2017-06-29,3.6122143268585205
2017-06-30,3.5600051879882812
2017-07-03,3.431208610534668
2017-07-05,3.5228192806243896
2017-07-06,3.533409357070923
2017-07-07,3.6141834259033203
2017-07-10,3.78509259223938
2017-07-11,3.838777542114258
2017-07-12,4.002049922943115
2017-07-13,3.955754041671753
2017-07-14,4.062141418457031
2017-07-17,4.044899940490723
2017-07-18,4.0870137214660645
2017-07-19,4.0658345222473145
2017-07-20,4.124938488006592
2017-07-21,4.139712333679199
2017-07-24,4.091690540313721
2017-07-25,4.071990013122559
2017-07-26,4.119026184082031
2017-07-27,3.9830896854400635
2017-07-28,4.048348426818848
2017-07-31,4.002049922943115
2017-08-01,4.050811767578125
2017-08-02,4.048348426818848
2017-08-03,4.099818229675293
2017-08-04,4.117795467376709
2017-08-07,4.2443766593933105
2017-08-08,4.193892955780029
2017-08-09,4.238465785980225
2017-08-10,4.0569682121276855
2017-08-11,3.8407483100891113
2017-08-14,4.147102355957031
2017-08-15,4.112131118774414
2017-08-16,4.067066669464111
2017-08-17,3.976440191268921
2017-08-18,3.9771788120269775
2017-08-21,3.9193058013916016
2017-08-22,4.006560802459717
2017-08-23,4.086668491363525
2017-08-24,4.071632385253906
2017-08-25,4.0376176834106445
2017-08-28,4.06620979309082
2017-08-29,4.059553623199463
2017-08-30,4.083709239959717
2017-08-31,4.17638635635376
2017-09-01,4.201529026031494
2017-09-05,4.089377403259277
2017-09-06,4.0869140625
2017-09-07,4.105892658233643
2017-09-08,4.034660339355469
2017-09-11,4.165541648864746
2017-09-12,4.180576324462891
2017-09-13,4.1993088722229
2017-09-14,4.17540168762207
2017-09-15,4.439383029937744
2017-09-18,4.622764587402344
2017-09-19,4.61783504486084
2017-09-20,4.5806169509887695
2017-09-21,4.455402851104736
2017-09-22,4.412022590637207
2017-09-25,4.214838981628418
2017-09-26,4.238499641418457
2017-09-27,4.331423282623291
2017-09-28,4.330190658569336
2017-09-29,4.406353950500488
2017-10-02,4.412022590637207
2017-10-03,4.421143531799316
2017-10-04,4.458113193511963
2017-10-05,4.4556498527526855
2017-10-06,4.468715190887451
2017-10-09,4.569525241851807
2017-10-10,4.656780242919922
2017-10-11,4.70632266998291
2017-10-12,4.708542346954346
2017-10-13,4.796288013458252
2017-10-16,4.878612518310547
2017-10-17,4.874176025390625
2017-10-18,4.8699846267700195
2017-10-19,4.8754096031188965
2017-10-20,4.853226661682129
2017-10-23,4.846324443817139
2017-10-24,4.897099494934082
2017-10-25,4.773365020751953
2017-10-26,4.823400497436523
2017-10-27,4.975481033325195
2017-10-30,5.024283409118652
2017-10-31,5.097487449645996
2017-11-01,5.107101917266846
2017-11-02,5.076046466827393
2017-11-03,5.143827438354492
2017-11-06,5.166996479034424
2017-11-07,5.2261528968811035
2017-11-08,5.155412197113037
2017-11-09,5.060762882232666
2017-11-10,5.327456951141357
2017-11-13,5.240941524505615
2017-11-14,5.279145240783691
2017-11-15,5.175623893737793
2017-11-16,5.215799808502197
2017-11-17,5.209637641906738
2017-11-20,5.276683330535889
2017-11-21,5.325238227844238
2017-11-22,5.301312446594238
2017-11-24,5.351382255554199
2017-11-27,5.281826019287109
2017-11-28,5.197223663330078
2017-11-29,4.8447585105896
2017-11-30,4.950572490692139
2017-12-01,4.875837326049805
2017-12-04,4.604024410247803
2017-12-05,4.630664348602295
2017-12-06,4.668155193328857
2017-12-07,4.735490798950195
2017-12-08,4.723158359527588
2017-12-11,4.8013458251953125
2017-12-12,4.707124710083008
2017-12-13,4.592185974121094
2017-12-14,4.599338531494141
2017-12-15,4.7248854637146
2017-12-18,4.881261825561523
2017-12-19,4.837111473083496
2017-12-20,4.85413122177124
2017-12-21,4.831684112548828
2017-12-22,4.816392421722412
2017-12-26,4.86991548538208
2017-12-27,4.863256931304932
2017-12-28,4.868930816650391
2017-12-29,4.772735118865967
2018-01-02,4.917028427124023
2018-01-03,5.240634918212891
2018-01-04,5.268259525299072
2018-01-05,5.312906265258789
2018-01-08,5.475697040557861
2018-01-09,5.474216461181641
2018-01-10,5.517132759094238
2018-01-11,5.526999473571777
2018-01-12,5.499868392944336
2018-01-16,5.429078578948975
2018-01-17,5.54278564453125
2018-01-18,5.535880088806152
2018-01-19,5.675729751586914
2018-01-22,5.764033794403076
2018-01-23,5.892786502838135
2018-01-24,5.8160786628723145
2018-01-25,5.8296427726745605
2018-01-26,6.001806735992432
2018-01-29,6.088629245758057
2018-01-30,5.986761093139648
2018-01-31,6.062729835510254
2018-02-01,5.932004451751709
2018-02-02,5.759840965270996
2018-02-05,5.270972728729248
2018-02-06,5.563999652862549
2018-02-07,5.643420219421387
2018-02-08,5.365194797515869
2018-02-09,5.724322319030762
2018-02-12,5.624428749084473
2018-02-13,5.737888813018799
2018-02-14,5.954696178436279
2018-02-15,6.0799946784973145
2018-02-16,6.014386177062988
2018-02-20,6.1436333656311035
2018-02-21,5.956915855407715
2018-02-22,5.976414680480957
2018-02-23,6.069707870483398
2018-02-26,6.085749626159668
2018-02-27,6.072915554046631
2018-02-28,5.972711563110352
2018-03-01,5.731087684631348
2018-03-02,5.837955951690674
2018-03-05,5.815989971160889
2018-03-06,5.976661205291748
2018-03-07,5.9687628746032715
2018-03-08,5.952473163604736
2018-03-09,6.054898262023926
2018-03-12,6.1642327308654785
2018-03-13,6.1136369705200195
2018-03-14,6.1390581130981445
2018-03-15,6.153867244720459
2018-03-16,6.182003021240234
2018-03-19,5.948031425476074
2018-03-20,6.159790992736816
2018-03-21,6.134617805480957
2018-03-22,5.969010353088379
2018-03-23,5.749845504760742
2018-03-26,6.033919334411621
2018-03-27,5.565975189208984
2018-03-28,5.463056564331055
2018-03-29,5.715787887573242
2018-04-02,5.455652713775635
2018-04-03,5.561778545379639
2018-04-04,5.583745956420898
2018-04-05,5.463798522949219
2018-04-06,5.2878241539001465
2018-04-09,5.316453456878662
2018-04-10,5.624962329864502
2018-04-11,5.583745956420898
2018-04-12,5.790075302124023
2018-04-13,5.713564395904541
2018-04-16,5.713317394256592
2018-04-17,5.862635612487793
2018-04-18,5.83375883102417
2018-04-19,5.652851581573486
2018-04-20,5.6447062492370605
2018-04-23,5.525498867034912
2018-04-24,5.459354877471924
2018-04-25,5.347305774688721
2018-04-26,5.558572769165039
2018-04-27,5.58596658706665
2018-04-30,5.550673961639404
2018-05-01,5.605957984924316
2018-05-02,5.58547306060791
2018-05-03,5.750339984893799
2018-05-04,5.900151252746582
2018-05-07,6.137576580047607
2018-05-08,6.180027961730957
2018-05-09,6.312810897827148
2018-05-10,6.420172214508057
2018-05-11,6.281959056854248
2018-05-14,6.302444934844971
2018-05-15,6.060574054718018
2018-05-16,6.071681022644043
2018-05-17,6.1136369705200195
2018-05-18,6.069952487945557
2018-05-21,6.027996063232422
2018-05-22,5.989989280700684
2018-05-23,6.113221168518066
2018-05-24,6.116925239562988
2018-05-25,6.156190872192383
2018-05-29,6.1391496658325195
2018-05-30,6.247813701629639
2018-05-31,6.22805643081665
2018-06-01,6.362155437469482
2018-06-04,6.540706634521484
2018-06-05,6.546139240264893
2018-06-06,6.548115253448486
2018-06-07,6.492550373077393
2018-06-08,6.477239608764648
2018-06-11,6.43624210357666
2018-06-12,6.484645366668701
2018-06-13,6.4802021980285645
2018-06-14,6.591578960418701
2018-06-15,6.550831317901611
2018-06-18,6.546632289886475
2018-06-19,6.4251298904418945
2018-06-20,6.4779791831970215
2018-06-21,6.349560260772705
2018-06-22,6.1974334716796875
2018-06-25,5.9052815437316895
2018-06-26,5.976158142089844
2018-06-27,5.821315765380859
2018-06-28,5.948252201080322
2018-06-29,5.850456714630127
2018-07-02,5.982332229614258
2018-07-03,5.848974704742432
2018-07-05,5.994434356689453
2018-07-06,6.108035087585449
2018-07-09,6.155452251434326
2018-07-10,6.2542338371276855
2018-07-11,6.112975597381592
2018-07-12,6.204349517822266
2018-07-13,6.1571784019470215
2018-07-16,6.129519462585449
2018-07-17,6.265100479125977
2018-07-18,6.2159552574157715
2018-07-19,6.224104404449463
2018-07-20,6.195952415466309
2018-07-23,6.159401893615723
2018-07-24,6.142115592956543
2018-07-25,6.220153331756592
2018-07-26,6.29349946975708
2018-07-27,6.223858833312988
2018-07-30,6.029007911682129
2018-07-31,6.047036170959473
2018-08-01,6.08679723739624
2018-08-02,6.189284324645996
2018-08-03,6.225832939147949
2018-08-06,6.273498058319092
2018-08-07,6.345608234405518
2018-08-08,6.381912708282471
2018-08-09,6.333508014678955
2018-08-10,6.292266368865967
2018-08-13,6.325111389160156
2018-08-14,6.456247329711914
2018-08-15,6.398211479187012
2018-08-16,6.35770845413208
2018-08-17,6.046047210693359
2018-08-20,6.120630264282227
2018-08-21,6.255964279174805
2018-08-22,6.490574836730957
2018-08-23,6.589850425720215
2018-08-24,6.722715377807617
2018-08-27,6.813596725463867
2018-08-28,6.776059627532959
2018-08-29,6.881320476531982
2018-08-30,6.864517688751221
2018-08-31,6.935434818267822
2018-09-04,7.010056972503662
2018-09-05,6.8795928955078125
2018-09-06,6.738746166229248
2018-09-07,6.7174973487854
2018-09-10,6.7884135246276855
2018-09-11,6.740725040435791
2018-09-12,6.627058982849121
2018-09-13,6.704647541046143
2018-09-14,6.830418109893799
2018-09-17,6.7686448097229
2018-09-18,6.696741580963135
2018-09-19,6.720460891723633
2018-09-20,6.57961893081665
2018-09-21,6.509689807891846
2018-09-24,6.565288543701172
2018-09-25,6.63224983215332
2018-09-26,6.595431327819824
2018-09-27,6.607292175292969
2018-09-28,6.9438347816467285
2018-10-01,7.149913311004639
2018-10-02,7.078747749328613
2018-10-03,7.084924221038818
2018-10-04,6.901088714599609
2018-10-05,6.66807746887207
2018-10-08,6.567017555236816
2018-10-09,6.561334133148193
2018-10-10,6.070852279663086
2018-10-11,5.8099212646484375
2018-10-12,6.091855525970459
2018-10-15,5.816098213195801
2018-10-16,6.07431173324585
2018-10-17,6.005867004394531
2018-10-18,5.918642520904541
2018-10-19,5.662652015686035
2018-10-22,5.713306427001953
2018-10-23,5.462259292602539
2018-10-24,4.927300930023193
2018-10-25,5.1356000900268555
2018-10-26,4.899625301361084
2018-10-29,4.586556911468506
2018-10-30,5.016007900238037
2018-10-31,5.209482669830322
2018-11-01,5.389366149902344
2018-11-02,5.310544013977051
2018-11-05,5.23270845413208
2018-11-06,5.2151641845703125
2018-11-07,5.282622337341309
2018-11-08,5.089890003204346
2018-11-09,5.081982612609863
2018-11-12,4.683419704437256
2018-11-13,4.924830436706543
2018-11-14,4.872445583343506
2018-11-15,5.000936508178711
2018-11-16,4.062966346740723
2018-11-19,3.5754499435424805
2018-11-20,3.6836771965026855
2018-11-21,3.5756964683532715
2018-11-23,3.582862377166748
2018-11-26,3.781773805618286
2018-11-27,3.7985763549804688
2018-11-28,3.955233335494995
2018-11-29,3.8921611309051514
2018-11-30,4.042296886444092
2018-12-03,4.205789089202881
2018-12-04,3.8859782218933105
2018-12-06,3.9151644706726074
2018-12-07,3.65100359916687
2018-12-10,3.7561235427856445
2018-12-11,3.6653494834899902
2018-12-12,3.6829113960266113
2018-12-13,3.6826634407043457
2018-12-14,3.622312307357788
2018-12-17,3.5513246059417725
2018-12-18,3.634432315826416
2018-12-19,3.4259233474731445
2018-12-20,3.3415796756744385
2018-12-21,3.2047996520996094
2018-12-24,3.1432125568389893
2018-12-26,3.292111396789551
2018-12-27,3.2443747520446777
2018-12-28,3.305716037750244
2018-12-31,3.302006244659424
2019-01-02,3.369281768798828
2019-01-03,3.165719747543335
2019-01-04,3.368540048599243
2019-01-07,3.5468740463256836
2019-01-08,3.4585719108581543
2019-01-09,3.5265913009643555
2019-01-10,3.592136859893799
2019-01-11,3.6811790466308594
2019-01-14,3.7210018634796143
2019-01-15,3.7069027423858643
2019-01-16,3.681426763534546
2019-01-17,3.752661943435669
2019-01-18,3.881525993347168
2019-01-22,3.6796951293945312
2019-01-23,3.692556858062744
2019-01-24,3.904034376144409
2019-01-25,3.9611692428588867
2019-01-28,3.4135560989379883
2019-01-29,3.2550106048583984
2019-01-30,3.3982207775115967
2019-01-31,3.5555295944213867
2019-02-01,3.5797693729400635
2019-02-04,3.689836263656616
2019-02-05,3.7088818550109863
2019-02-06,3.7843198776245117
2019-02-07,3.64630389213562
2019-02-08,3.6648547649383545
2019-02-11,3.622312307357788
2019-02-12,3.7390568256378174
2019-02-13,3.7813522815704346
2019-02-14,3.8221635818481445
2019-02-15,3.8916666507720947
2019-02-19,3.8743534088134766
2019-02-20,3.9215948581695557
2019-02-21,3.8528342247009277
2019-02-22,3.937424898147583
2019-02-25,3.925058126449585
2019-02-26,3.885730266571045
2019-02-27,3.843930721282959
2019-02-28,3.819418430328369
2019-03-01,3.8736419677734375
2019-03-04,3.881812572479248
2019-03-05,3.8753745555877686
2019-03-06,3.7646992206573486
2019-03-07,3.69562029838562
2019-03-08,3.729788303375244
2019-03-11,3.989764451980591
2019-03-12,4.023931980133057
2019-03-13,4.174964427947998
2019-03-14,4.099201679229736
2019-03-15,4.2044291496276855
2019-03-18,4.183135986328125
2019-03-19,4.350510597229004
2019-03-20,4.318077087402344
2019-03-21,4.554283142089844
2019-03-22,4.394831657409668
2019-03-25,4.302724838256836
2019-03-26,4.379231929779053
2019-03-27,4.370071887969971
2019-03-28,4.388642311096191
2019-03-29,4.445835590362549
2019-04-01,4.513184070587158
2019-04-02,4.531010150909424
2019-04-03,4.670159339904785
2019-04-04,4.6612443923950195
2019-04-05,4.727847099304199
2019-04-08,4.7486467361450195
2019-04-09,4.686004638671875
2019-04-10,4.756320476531982
2019-04-11,4.742456436157227
2019-04-12,4.704573631286621
2019-04-15,4.573100566864014
2019-04-16,4.660007953643799
2019-04-17,4.637228488922119
2019-04-18,4.612715721130371
2019-04-22,4.66644287109375
2019-04-23,4.720914840698242
2019-04-24,4.733295440673828
2019-04-25,4.6278204917907715
2019-04-26,4.409438133239746
2019-04-29,4.440142631530762
2019-04-30,4.481489658355713
2019-05-01,4.468366622924805
2019-05-02,4.5357136726379395
2019-05-03,4.531257629394531
2019-05-06,4.4530158042907715
2019-05-07,4.286134719848633
2019-05-08,4.306191444396973
2019-05-09,4.213837146759033
2019-05-10,4.179917335510254
2019-05-13,3.923161029815674
2019-05-14,4.012047290802002
2019-05-15,3.951138973236084
2019-05-16,3.9662420749664307
2019-05-17,3.875622272491455
2019-05-20,3.7572715282440186
2019-05-21,3.8392255306243896
2019-05-22,3.7684133052825928
2019-05-23,3.6475868225097656
2019-05-24,3.593858480453491
2019-05-28,3.548795223236084
2019-05-29,3.474764347076416
2019-05-30,3.4482409954071045
2019-05-31,3.3577656745910645
2019-06-03,3.316121816635132
2019-06-04,3.544665813446045
2019-06-05,3.5020313262939453
2019-06-06,3.5640006065368652
2019-06-07,3.606635332107544
2019-06-10,3.6792643070220947
2019-06-11,3.736771583557129
2019-06-12,3.6239867210388184
2019-06-13,3.6750502586364746
2019-06-14,3.5853185653686523
2019-06-17,3.5949859619140625
2019-06-18,3.7895700931549072
2019-06-19,3.7955193519592285
2019-06-20,3.8198113441467285
2019-06-21,3.761807918548584
2019-06-24,3.784116744995117
2019-06-25,3.7548670768737793
2019-06-26,3.9477169513702393
2019-06-27,4.0461249351501465
2019-06-28,4.0709123611450195
2019-07-01,4.119000434875488
2019-07-02,4.021337509155273
2019-07-03,4.034226894378662
2019-07-05,3.9717602729797363
2019-07-08,3.896901845932007
2019-07-09,3.899380922317505
2019-07-10,3.9675469398498535
2019-07-11,4.121728420257568
2019-07-12,4.154694080352783
2019-07-15,4.146268367767334
2019-07-16,4.141557693481445
2019-07-17,4.206750392913818
2019-07-18,4.218400001525879
2019-07-19,4.175267219543457
2019-07-22,4.246659278869629
2019-07-23,4.354236602783203
2019-07-24,4.4286017417907715
2019-07-25,4.2977213859558105
2019-07-26,4.339613437652588
2019-07-29,4.333415508270264
2019-07-30,4.3490309715271
2019-07-31,4.182211399078369
2019-08-01,4.088016033172607
2019-08-02,3.9955575466156006
2019-08-05,3.7377636432647705
2019-08-06,3.776432991027832
2019-08-07,3.814606189727783
2019-08-08,3.922929286956787
2019-08-09,3.8217954635620117
2019-08-12,3.7541234493255615
2019-08-13,3.868147373199463
2019-08-14,3.719916343688965
2019-08-15,3.687692642211914
2019-08-16,3.955153226852417
2019-08-19,4.233274459838867
2019-08-20,4.161139965057373
2019-08-21,4.244426250457764
2019-08-22,4.250626087188721
2019-08-23,4.026541709899902
2019-08-26,4.101153373718262
2019-08-27,4.010677337646484
2019-08-28,4.000256538391113
2019-08-29,4.143673896789551
2019-08-30,4.1563262939453125
2019-09-03,4.073453426361084
2019-09-04,4.187342166900635
2019-09-05,4.459782123565674
2019-09-06,4.432737350463867
2019-09-09,4.478639125823975
2019-09-10,4.545138359069824
2019-09-11,4.573670864105225
2019-09-12,4.572183132171631
2019-09-13,4.514370441436768
2019-09-16,4.471445083618164
2019-09-17,4.492782115936279
2019-09-18,4.465737342834473
2019-09-19,4.390308380126953
2019-09-20,4.284854412078857
2019-09-23,4.338202476501465
2019-09-24,4.280885219573975
2019-09-25,4.422316074371338
2019-09-26,4.400231838226318
2019-09-27,4.261778831481934
2019-09-30,4.319096565246582
2019-10-01,4.317359924316406
2019-10-02,4.2935404777526855
2019-10-03,4.498737335205078
2019-10-04,4.5151143074035645
2019-10-07,4.573670864105225
2019-10-08,4.397505283355713
2019-10-09,4.483851432800293
2019-10-10,4.541417121887207
2019-10-11,4.614860534667969
2019-10-14,4.628259658813477
2019-10-15,4.87241268157959
2019-10-16,4.81881856918335
2019-10-17,4.820803165435791
2019-10-18,4.726515769958496
2019-10-21,4.863480567932129
2019-10-22,4.853555202484131
2019-10-23,4.840652942657471
2019-10-24,4.884571075439453
2019-10-25,5.075130939483643
2019-10-28,5.130958557128906
2019-10-29,5.034934997558594
2019-10-30,5.036920070648193
2019-10-31,4.987791061401367
2019-11-01,5.02674674987793
2019-11-04,5.223012924194336
2019-11-05,5.200930595397949
2019-11-06,5.151800632476807
2019-11-07,5.169417381286621
2019-11-08,5.155523300170898
2019-11-11,5.165448188781738
2019-11-12,5.200930595397949
2019-11-13,5.175124645233154
2019-11-14,5.2053961753845215
2019-11-15,5.066446781158447
2019-11-18,5.267179012298584
2019-11-19,5.160733699798584
2019-11-20,5.2398858070373535
2019-11-21,5.215073585510254
2019-11-22,5.232688903808594
2019-11-25,5.488754749298096
2019-11-26,5.384293079376221
2019-11-27,5.419056415557861
2019-11-29,5.381810188293457
2019-12-02,5.195827960968018
2019-12-03,5.156346797943115
2019-12-04,5.200048446655273
2019-12-05,5.183164119720459
2019-12-06,5.26833438873291
2019-12-09,5.26833438873291
2019-12-10,5.313276290893555
2019-12-11,5.396706581115723
2019-12-12,5.563819408416748
2019-12-13,5.561831474304199
2019-12-16,5.590636730194092
2019-12-17,5.668604373931885
2019-12-18,5.6988983154296875
2019-12-19,5.846640586853027
2019-12-20,5.943728446960449
2019-12-23,5.930073261260986
2019-12-24,5.925106525421143
2019-12-26,5.939260959625244
2019-12-27,5.881651401519775
2019-12-30,5.768673419952393
2019-12-31,5.842669486999512
2020-01-02,5.957137584686279
2020-01-03,5.861787796020508
2020-01-06,5.886369705200195
2020-01-07,5.957634449005127
2020-01-08,5.968808174133301
2020-01-09,6.034362316131592
2020-01-10,6.066640853881836
2020-01-13,6.256844520568848
2020-01-14,6.140140533447266
2020-01-15,6.097680568695068
2020-01-16,6.181110858917236
2020-01-17,6.1898016929626465
2020-01-21,6.156528472900391
2020-01-22,6.210409641265869
2020-01-23,6.278695106506348
2020-01-24,6.219598293304443
2020-01-27,5.964339256286621
2020-01-28,6.157272815704346
2020-01-29,6.096936225891113
2020-01-30,6.103638648986816
2020-01-31,5.870726108551025
2020-02-03,5.967566967010498
2020-02-04,6.136415958404541
2020-02-05,6.226550579071045
2020-02-06,6.313210487365723
2020-02-07,6.247161388397217
2020-02-10,6.5297346115112305
2020-02-11,6.651902675628662
2020-02-12,6.767364025115967
2020-02-13,6.723662376403809
2020-02-14,7.195693492889404
2020-02-18,7.3640456199646
2020-02-19,7.81422758102417
2020-02-20,7.665244102478027
2020-02-21,7.301969528198242
2020-02-24,6.785738468170166
2020-02-25,6.506890773773193
2020-02-26,6.645942211151123
2020-02-27,6.275991916656494
2020-02-28,6.710043907165527
2020-03-02,6.8680620193481445
2020-03-03,6.606189250946045
2020-03-04,7.068813800811768
2020-03-05,6.790046215057373
2020-03-06,6.609915256500244
2020-03-09,6.098097324371338
2020-03-10,6.486680030822754
2020-03-11,6.123687744140625
2020-03-12,5.374345779418945
2020-03-13,5.98380708694458
2020-03-16,4.8796706199646
2020-03-17,5.398195743560791
2020-03-18,5.039178848266602
2020-03-19,5.291362285614014
2020-03-20,5.111976146697998
2020-03-23,5.284404754638672
2020-03-24,6.1910200119018555
2020-03-25,6.102568626403809
2020-03-26,6.391275405883789
2020-03-27,6.279222011566162
2020-03-30,6.598735332489014
2020-03-31,6.549292087554932
2020-04-01,6.039213180541992
2020-04-02,6.347297668457031
2020-04-03,6.060084342956543
2020-04-06,6.668551921844482
2020-04-07,6.4357476234436035
2020-04-08,6.632525444030762
2020-04-09,6.533143043518066
2020-04-13,6.7045769691467285
2020-04-14,7.054898738861084
2020-04-15,6.977630138397217
2020-04-16,7.321990013122559
2020-04-17,7.262857437133789
2020-04-20,7.131921768188477
2020-04-21,6.696130275726318
2020-04-22,7.109560966491699
2020-04-23,7.056390762329102
2020-04-24,7.195028781890869
2020-04-27,7.3811235427856445
2020-04-28,7.239005088806152
2020-04-29,7.415409088134766
2020-04-30,7.261863708496094
2020-05-01,7.025831699371338
2020-05-04,7.237267017364502
2020-05-05,7.298138618469238
2020-05-06,7.3987627029418945
2020-05-07,7.574668884277344
2020-05-08,7.764240264892578
2020-05-11,8.015676498413086
2020-05-12,7.754302501678467
2020-05-13,7.7319416999816895
2020-05-14,7.980894088745117
2020-05-15,8.438302993774414
2020-05-18,8.696196556091309
2020-05-19,8.751108169555664
2020-05-20,8.91458797454834
2020-05-21,8.721041679382324
2020-05-22,8.970494270324707
2020-05-26,8.663897514343262
2020-05-27,8.472588539123535
2020-05-28,8.434574127197266
2020-05-29,8.820671081542969
2020-06-01,8.751852989196777
2020-06-02,8.770735740661621
2020-06-03,8.71532917022705
2020-06-04,8.716322898864746
2020-06-05,8.86894702911377
2020-06-08,8.754603385925293
2020-06-09,8.994224548339844
2020-06-10,9.313139915466309
2020-06-11,8.745903015136719
2020-06-12,8.88137435913086
2020-06-15,9.121243476867676
2020-06-16,9.016595840454102
2020-06-17,9.183136940002441
2020-06-18,9.165242195129395
2020-06-19,9.208242416381836
2020-06-22,9.472219467163086
2020-06-23,9.39591121673584
2020-06-24,9.182638168334961
2020-06-25,9.43568229675293
2020-06-26,9.1025972366333
2020-06-29,9.147340774536133
2020-06-30,9.44338607788086
